#obj1,#obj2,#obj3,#con1,#con2,#var1,#var2,#Gen,#Eval
0.04333333,-0.46371636,0.0199474,0.00666667,0.2800526,0.864467354325026,0.0878681682655505,346,52803
0.04666667,-0.38,0.0050772,0.00333333,0.2949228,0.608574146765075,0.673716220266886,408,62294
0.03666667,-0.92093754,0.02312015,0.01333333,0.27687985,0.475786579561012,0.0914813127538503,429,65509
0.04333333,-0.30087575,0.01129147,0.00666667,0.28870853,0.0967647307750114,0.765231677429799,434,66270
