#obj1,#obj2,#obj3,#con1,#con2,#var1,#var2,#Gen,#Eval
0.03666667,-0.78346646,0.09902608,0.01333333,0.20097392,0.829607010671855,0.089000110402218,47,7097
0.05,-0.83098835,0.01695051,0,0.28304949,0.479840788591666,0.0934033154871435,124,18888
0.04,-0.93914437,0.01811221,0.01,0.28188779,0.483096015950929,0.0922671540522166,380,58005
0.04,-0.94113922,0.029007,0.01,0.270993,0.483028624564584,0.092292819656511,391,59707
