#obj1,#obj2,#obj3,#con1,#con2,#var1,#var2,#Gen,#Eval
0.03333334,-0.47333333,0.0753036,0.01666666,0.2246964,0.0796330283069393,0.695241038323827,307,46830
0.04666667,-0.65524149,0.01466326,0.00333333,0.28533674,0.892351086150782,0.0108377860509858,974,148893
0.04666667,-0.69666666,0.04450128,0.00333333,0.25549872,0.910392364122061,0.00406193468711815,1004,153482
0.04333333,-0.55365705,0.02592204,0.00666667,0.27407796,0.910212123205898,0.00539067357613198,1039,158821
