#obj1,#obj2,#obj3,#con1,#con2,#var1,#var2,#Gen,#Eval
0.03766378,-0.52700865,0.0426737,0.01233622,0.2573263,0.836682081757726,0.0862470280198817,21,3102
0.05,-0.63333333,0.01518263,0,0.28481737,0.838758984957471,0.0176893101885784,65,9851
0.04935787,-0.43736047,0.01017415,0.00064213,0.28982585,0.808087689210746,0.10455497736115,163,24813
0.04666667,-0.69433117,0.04225453,0.00333333,0.25774547,0.910609949511365,0.00419685175839165,324,49440
0.04666667,-0.69543725,0.04244611,0.00333333,0.25755389,0.910603426307098,0.00418934060887901,330,50395
0.04666667,-0.70333332,0.04902102,0.00333333,0.25097898,0.823948862317564,0.0890055856569418,332,50710
0.04666667,-0.70156962,0.04376614,0.00333333,0.25623386,0.910626849893076,0.00412696229531154,345,52663
0.04333333,-0.74242675,0.07080959,0.00666667,0.22919041,0.823948862317564,0.0892964286981877,380,58035
0.04666667,-0.59037423,0.03924557,0.00333333,0.26075443,0.910639545286874,0.00471395733342471,393,59999
