#obj1,#obj2,#obj3,#con1,#con2,#var1,#var2,#Gen,#Eval
0.04666667,-0.68666667,0.02283865,0.00333333,0.27716135,0.910056472262995,0.00463294776162471,819,125162
0.04333333,-0.22,0.06132373,0.00666667,0.23867627,0.189785435563272,0,952,145520
0.04,-0.83112603,0.06791393,0.01,0.23208607,0.482830878749434,0.0922218261042273,977,149331
